<?xml version='1.0' encoding='utf-8' ?>
<!DOCTYPE document SYSTEM "file:///C:/Xilinx/14.7/ISE_DS/ISE/xc9500/data/xmlReport9k.dtd">
<document><ascFile>rhombusCPLD.rpt</ascFile><devFile>C:/Xilinx/14.7/ISE_DS/ISE/xc9500/data/xc95108.chp</devFile><mfdFile>rhombusCPLD.mfd</mfdFile><htmlFile logic_legend="logiclegend.htm" logo="xc9500_logo.jpg" pin_legend="pinlegend.htm"/><header date=" 7-23-2017" design="rhombusCPLD" device="XC95108" eqnType="1" pkg="PC84" speed="-20" status="1" statusStr="Successful" swVersion="P.20131013" time=" 10:26PM" version="1.0"/><inputs id="A22" userloc="48"/><inputs id="A21" userloc="47"/><inputs id="A20" userloc="46"/><inputs id="A19" userloc="45"/><inputs id="A18" userloc="44"/><inputs id="A17" userloc="43"/><inputs id="A16" userloc="41"/><inputs id="FC2" userloc="3"/><inputs id="FC1" userloc="2"/><inputs id="FC0" userloc="1"/><inputs id="A03" userloc="75"/><inputs id="A23" userloc="50"/><inputs id="_AS" userloc="7"/><inputs id="_DTACK" userloc="58"/><inputs id="A02" userloc="74"/><inputs id="A01" userloc="72"/><inputs id="MFPCLKPIN_SPECSIG" userloc="63"/><global_inputs id="CLK" pinnum="GCK1" use="GCK1" userloc="S:PIN9"/><pin id="FB1_MC2_PIN1" pinnum="1" signal="FC0" use="I"/><pin id="FB1_MC3_PIN2" pinnum="2" signal="FC1" use="I"/><pin id="FB1_MC5_PIN3" pinnum="3" signal="FC2" use="I"/><pin id="FB1_MC6_PIN4" pinnum="4" signal="_BERR" slew="SLOW" use="O"/><pin id="FB1_MC8_PIN5" pinnum="5" signal="_BGACK" slew="SLOW" use="O"/><pin id="FB1_MC9_PIN6" pinnum="6" signal="_BR" slew="SLOW" use="O"/><pin id="FB1_MC11_PIN7" pinnum="7" signal="_AS" use="I"/><pin id="FB1_MC12_PIN9" pinnum="9" signal="CLK" use="GCKI_SPECSIG"/><pin id="FB1_MC14_PIN10" pinnum="10" signal="XLXI_47count11_SPECSIG" use="b_SPECSIG"/><pin id="FB1_MC15_PIN11" pinnum="11" signal="SYSCLOCK" use="O"/><pin id="FB1_MC16_PIN12" pinnum="12" signal="_DSACK0" slew="SLOW" use="O"/><pin id="FB1_MC17_PIN13" pinnum="13" signal="_DSACK1" slew="SLOW" use="O"/><pin id="FB2_MC2_PIN71" pinnum="71" signal="VHI" use="O"/><pin id="FB2_MC3_PIN72" pinnum="72" signal="A01" use="I"/><pin id="FB2_MC5_PIN74" pinnum="74" signal="A02" use="I"/><pin id="FB2_MC6_PIN75" pinnum="75" signal="A03" use="I"/><pin id="FB2_MC8_PIN76" pinnum="76"/><pin id="FB2_MC9_PIN77" pinnum="77"/><pin id="FB2_MC11_PIN79" pinnum="79"/><pin id="FB2_MC12_PIN80" pinnum="80"/><pin id="FB2_MC14_PIN81" pinnum="81"/><pin id="FB2_MC15_PIN82" pinnum="82" signal="XLXI_68Q3_SPECSIG" use="b_SPECSIG"/><pin id="FB2_MC16_PIN83" pinnum="83" signal="XLXI_68Q0_SPECSIG" use="b_SPECSIG"/><pin id="FB2_MC17_PIN84" pinnum="84" signal="XLXI_68Q2_SPECSIG" use="b_SPECSIG"/><pin id="FB3_MC2_PIN14" pinnum="14" signal="_IPL0" slew="SLOW" use="O"/><pin id="FB3_MC3_PIN15" pinnum="15" signal="_IPL1" slew="SLOW" use="O"/><pin id="FB3_MC5_PIN17" pinnum="17" signal="RST" use="O"/><pin id="FB3_MC6_PIN18" pinnum="18" signal="_HALT" slew="SLOW" use="O"/><pin id="FB3_MC8_PIN19" pinnum="19" signal="_CDIS" slew="SLOW" use="O"/><pin id="FB3_MC9_PIN20" pinnum="20" signal="_AVEC" slew="SLOW" use="O"/><pin id="FB3_MC11_PIN21" pinnum="21" signal="XLXI_47count5_SPECSIG" use="b_SPECSIG"/><pin id="FB3_MC12_PIN23" pinnum="23" signal="XLXI_47count4_SPECSIG" use="b_SPECSIG"/><pin id="FB3_MC14_PIN24" pinnum="24" signal="XLXI_47count2_SPECSIG" use="b_SPECSIG"/><pin id="FB3_MC15_PIN25" pinnum="25" signal="XLXI_47count1_SPECSIG" use="b_SPECSIG"/><pin id="FB3_MC16_PIN26" pinnum="26" signal="XLXI_47count0_SPECSIG" use="b_SPECSIG"/><pin id="FB3_MC17_PIN31" pinnum="31" signal="XLXI_48XLXN_16_SPECSIG" use="b_SPECSIG"/><pin id="FB4_MC2_PIN57" pinnum="57"/><pin id="FB4_MC3_PIN58" pinnum="58" signal="_DTACK" use="I"/><pin id="FB4_MC5_PIN61" pinnum="61"/><pin id="FB4_MC6_PIN62" pinnum="62"/><pin id="FB4_MC8_PIN63" pinnum="63" signal="MFPCLK" use="IO_SPECSIG"/><pin id="FB4_MC9_PIN65" pinnum="65"/><pin id="FB4_MC11_PIN66" pinnum="66" signal="_RAMCS" use="O"/><pin id="FB4_MC12_PIN67" pinnum="67"/><pin id="FB4_MC14_PIN68" pinnum="68" signal="_MFPCS" use="O"/><pin id="FB4_MC15_PIN69" pinnum="69"/><pin id="FB4_MC17_PIN70" pinnum="70" signal="_ROMCS" use="O"/><pin id="FB5_MC2_PIN32" pinnum="32"/><pin id="FB5_MC3_PIN33" pinnum="33"/><pin id="FB5_MC5_PIN34" pinnum="34"/><pin id="FB5_MC6_PIN35" pinnum="35"/><pin id="FB5_MC8_PIN36" pinnum="36"/><pin id="FB5_MC9_PIN37" pinnum="37"/><pin id="FB5_MC11_PIN39" pinnum="39"/><pin id="FB5_MC12_PIN40" pinnum="40"/><pin id="FB5_MC14_PIN41" pinnum="41" signal="A16" use="I"/><pin id="FB5_MC15_PIN43" pinnum="43" signal="A17" use="I"/><pin id="FB5_MC17_PIN44" pinnum="44" signal="A18" use="I"/><pin id="FB6_MC2_PIN45" pinnum="45" signal="A19" use="I"/><pin id="FB6_MC3_PIN46" pinnum="46" signal="A20" use="I"/><pin id="FB6_MC5_PIN47" pinnum="47" signal="A21" use="I"/><pin id="FB6_MC6_PIN48" pinnum="48" signal="A22" use="I"/><pin id="FB6_MC8_PIN50" pinnum="50" signal="A23" use="I"/><pin id="FB6_MC9_PIN51" pinnum="51"/><pin id="FB6_MC11_PIN52" pinnum="52"/><pin id="FB6_MC12_PIN53" pinnum="53"/><pin id="FB6_MC14_PIN54" pinnum="54"/><pin id="FB6_MC15_PIN55" pinnum="55"/><pin id="FB6_MC17_PIN56" pinnum="56" signal="_MFPIACK" use="O"/><fblock id="FB1" inputUse="25" pinUse="11"><macrocell id="FB1_MC1"/><macrocell id="FB1_MC2" pin="FB1_MC2_PIN1"/><macrocell id="FB1_MC3" pin="FB1_MC3_PIN2" sigUse="9" signal="XLXI_47count9_SPECSIG"><pterms pt1="FB1_3_1"/></macrocell><macrocell id="FB1_MC4" sigUse="8" signal="XLXI_47count8_SPECSIG"><pterms pt1="FB1_4_1"/></macrocell><macrocell id="FB1_MC5" pin="FB1_MC5_PIN3" sigUse="7" signal="XLXI_47count7_SPECSIG"><pterms pt1="FB1_5_1"/></macrocell><macrocell id="FB1_MC6" pin="FB1_MC6_PIN4" sigUse="5" signal="_BERR"><pterms pt1="FB1_6_1"/></macrocell><macrocell id="FB1_MC7" sigUse="6" signal="XLXI_47count6_SPECSIG"><pterms pt1="FB1_7_1"/></macrocell><macrocell id="FB1_MC8" pin="FB1_MC8_PIN5" sigUse="17" signal="_BGACK"><pterms pt1="FB1_8_1" pt2="FB1_8_2"/></macrocell><macrocell id="FB1_MC9" pin="FB1_MC9_PIN6" sigUse="17" signal="_BR"><pterms pt1="FB1_9_1" pt2="FB1_9_2"/></macrocell><macrocell id="FB1_MC10" sigUse="15" signal="XLXI_47count15_SPECSIG"><pterms pt1="FB1_10_1"/></macrocell><macrocell id="FB1_MC11" pin="FB1_MC11_PIN7" sigUse="14" signal="XLXI_47count14_SPECSIG"><pterms pt1="FB1_11_1"/></macrocell><macrocell id="FB1_MC12" pin="FB1_MC12_PIN9" sigUse="13" signal="XLXI_47count13_SPECSIG"><pterms pt1="FB1_12_1"/></macrocell><macrocell id="FB1_MC13" sigUse="12" signal="XLXI_47count12_SPECSIG"><pterms pt1="FB1_13_1"/></macrocell><macrocell id="FB1_MC14" pin="FB1_MC14_PIN10" sigUse="11" signal="XLXI_47count11_SPECSIG"><pterms pt1="FB1_14_1"/></macrocell><macrocell id="FB1_MC15" pin="FB1_MC15_PIN11" sigUse="1" signal="SYSCLOCK"><pterms pt1="FB1_15_1"/></macrocell><macrocell id="FB1_MC16" pin="FB1_MC16_PIN12" sigUse="3" signal="_DSACK0"><pterms pt1="FB1_16_1" pt2="FB1_16_2"/></macrocell><macrocell id="FB1_MC17" pin="FB1_MC17_PIN13" sigUse="17" signal="_DSACK1"><pterms pt1="FB1_17_1" pt2="FB1_17_2"/></macrocell><macrocell id="FB1_MC18" sigUse="10" signal="XLXI_47count10_SPECSIG"><pterms pt1="FB1_18_1"/></macrocell><fbinput id="FB1_I1" signal="_AS"/><fbinput id="FB1_I2" signal="_DTACK"/><fbinput id="FB1_I3" signal="CLK"/><fbinput id="FB1_I4" signal="XLXI_47count0_SPECSIG"/><fbinput fbk="LFBK" id="FB1_I5" signal="XLXI_47count10LFBK_SPECSIG"/><fbinput fbk="LFBK" id="FB1_I6" signal="XLXI_47count11LFBK_SPECSIG"/><fbinput fbk="LFBK" id="FB1_I7" signal="XLXI_47count12LFBK_SPECSIG"/><fbinput fbk="LFBK" id="FB1_I8" signal="XLXI_47count13LFBK_SPECSIG"/><fbinput fbk="LFBK" id="FB1_I9" signal="XLXI_47count14LFBK_SPECSIG"/><fbinput fbk="LFBK" id="FB1_I10" signal="XLXI_47count15LFBK_SPECSIG"/><fbinput id="FB1_I11" signal="XLXI_47count1_SPECSIG"/><fbinput id="FB1_I12" signal="XLXI_47count2_SPECSIG"/><fbinput id="FB1_I13" signal="XLXI_47count3_SPECSIG"/><fbinput id="FB1_I14" signal="XLXI_47count4_SPECSIG"/><fbinput id="FB1_I15" signal="XLXI_47count5_SPECSIG"/><fbinput fbk="LFBK" id="FB1_I16" signal="XLXI_47count6LFBK_SPECSIG"/><fbinput fbk="LFBK" id="FB1_I17" signal="XLXI_47count7LFBK_SPECSIG"/><fbinput fbk="LFBK" id="FB1_I18" signal="XLXI_47count8LFBK_SPECSIG"/><fbinput fbk="LFBK" id="FB1_I19" signal="XLXI_47count9LFBK_SPECSIG"/><fbinput id="FB1_I20" signal="XLXI_48XLXN_16_SPECSIG"/><fbinput id="FB1_I21" signal="XLXI_68Q0_SPECSIG"/><fbinput id="FB1_I22" signal="XLXI_68Q1_SPECSIG"/><fbinput id="FB1_I23" signal="XLXI_68Q2_SPECSIG"/><fbinput id="FB1_I24" signal="XLXI_68Q3_SPECSIG"/><fbinput id="FB1_I25" signal="_HALT"/><pterm id="FB1_3_1"><signal id="XLXI_47count0_SPECSIG"/><signal id="XLXI_47count1_SPECSIG"/><signal id="XLXI_47count2_SPECSIG"/><signal id="XLXI_47count3_SPECSIG"/><signal id="XLXI_47count4_SPECSIG"/><signal id="XLXI_47count5_SPECSIG"/><signal id="XLXI_47count6LFBK_SPECSIG"/><signal id="XLXI_47count7LFBK_SPECSIG"/><signal id="XLXI_47count8LFBK_SPECSIG"/></pterm><pterm id="FB1_4_1"><signal id="XLXI_47count0_SPECSIG"/><signal id="XLXI_47count1_SPECSIG"/><signal id="XLXI_47count2_SPECSIG"/><signal id="XLXI_47count3_SPECSIG"/><signal id="XLXI_47count4_SPECSIG"/><signal id="XLXI_47count5_SPECSIG"/><signal id="XLXI_47count6LFBK_SPECSIG"/><signal id="XLXI_47count7LFBK_SPECSIG"/></pterm><pterm id="FB1_5_1"><signal id="XLXI_47count0_SPECSIG"/><signal id="XLXI_47count1_SPECSIG"/><signal id="XLXI_47count2_SPECSIG"/><signal id="XLXI_47count3_SPECSIG"/><signal id="XLXI_47count4_SPECSIG"/><signal id="XLXI_47count5_SPECSIG"/><signal id="XLXI_47count6LFBK_SPECSIG"/></pterm><pterm id="FB1_6_1"><signal id="_AS" negated="ON"/><signal id="XLXI_68Q0_SPECSIG"/><signal id="XLXI_68Q1_SPECSIG"/><signal id="XLXI_68Q2_SPECSIG"/><signal id="XLXI_68Q3_SPECSIG"/></pterm><pterm id="FB1_7_1"><signal id="XLXI_47count0_SPECSIG"/><signal id="XLXI_47count1_SPECSIG"/><signal id="XLXI_47count2_SPECSIG"/><signal id="XLXI_47count3_SPECSIG"/><signal id="XLXI_47count4_SPECSIG"/><signal id="XLXI_47count5_SPECSIG"/></pterm><pterm id="FB1_8_1"><signal id="_HALT"/></pterm><pterm id="FB1_8_2"><signal id="XLXI_47count0_SPECSIG" negated="ON"/><signal id="XLXI_47count1_SPECSIG" negated="ON"/><signal id="XLXI_47count2_SPECSIG"/><signal id="XLXI_47count3_SPECSIG" negated="ON"/><signal id="XLXI_47count4_SPECSIG"/><signal id="XLXI_47count5_SPECSIG" negated="ON"/><signal id="XLXI_47count6LFBK_SPECSIG" negated="ON"/><signal id="XLXI_47count7LFBK_SPECSIG" negated="ON"/><signal id="XLXI_47count8LFBK_SPECSIG" negated="ON"/><signal id="XLXI_47count9LFBK_SPECSIG" negated="ON"/><signal id="XLXI_47count10LFBK_SPECSIG" negated="ON"/><signal id="XLXI_47count11LFBK_SPECSIG" negated="ON"/><signal id="XLXI_47count12LFBK_SPECSIG" negated="ON"/><signal id="XLXI_47count13LFBK_SPECSIG" negated="ON"/><signal id="XLXI_47count14LFBK_SPECSIG" negated="ON"/><signal id="XLXI_47count15LFBK_SPECSIG" negated="ON"/></pterm><pterm id="FB1_9_1"><signal id="_HALT"/></pterm><pterm id="FB1_9_2"><signal id="XLXI_47count0_SPECSIG" negated="ON"/><signal id="XLXI_47count1_SPECSIG" negated="ON"/><signal id="XLXI_47count2_SPECSIG"/><signal id="XLXI_47count3_SPECSIG" negated="ON"/><signal id="XLXI_47count4_SPECSIG"/><signal id="XLXI_47count5_SPECSIG" negated="ON"/><signal id="XLXI_47count6LFBK_SPECSIG" negated="ON"/><signal id="XLXI_47count7LFBK_SPECSIG" negated="ON"/><signal id="XLXI_47count8LFBK_SPECSIG" negated="ON"/><signal id="XLXI_47count9LFBK_SPECSIG" negated="ON"/><signal id="XLXI_47count10LFBK_SPECSIG" negated="ON"/><signal id="XLXI_47count11LFBK_SPECSIG" negated="ON"/><signal id="XLXI_47count12LFBK_SPECSIG" negated="ON"/><signal id="XLXI_47count13LFBK_SPECSIG" negated="ON"/><signal id="XLXI_47count14LFBK_SPECSIG" negated="ON"/><signal id="XLXI_47count15LFBK_SPECSIG" negated="ON"/></pterm><pterm id="FB1_10_1"><signal id="XLXI_47count0_SPECSIG"/><signal id="XLXI_47count1_SPECSIG"/><signal id="XLXI_47count2_SPECSIG"/><signal id="XLXI_47count3_SPECSIG"/><signal id="XLXI_47count4_SPECSIG"/><signal id="XLXI_47count5_SPECSIG"/><signal id="XLXI_47count6LFBK_SPECSIG"/><signal id="XLXI_47count7LFBK_SPECSIG"/><signal id="XLXI_47count8LFBK_SPECSIG"/><signal id="XLXI_47count9LFBK_SPECSIG"/><signal id="XLXI_47count10LFBK_SPECSIG"/><signal id="XLXI_47count11LFBK_SPECSIG"/><signal id="XLXI_47count12LFBK_SPECSIG"/><signal id="XLXI_47count13LFBK_SPECSIG"/><signal id="XLXI_47count14LFBK_SPECSIG"/></pterm><pterm id="FB1_11_1"><signal id="XLXI_47count0_SPECSIG"/><signal id="XLXI_47count1_SPECSIG"/><signal id="XLXI_47count2_SPECSIG"/><signal id="XLXI_47count3_SPECSIG"/><signal id="XLXI_47count4_SPECSIG"/><signal id="XLXI_47count5_SPECSIG"/><signal id="XLXI_47count6LFBK_SPECSIG"/><signal id="XLXI_47count7LFBK_SPECSIG"/><signal id="XLXI_47count8LFBK_SPECSIG"/><signal id="XLXI_47count9LFBK_SPECSIG"/><signal id="XLXI_47count10LFBK_SPECSIG"/><signal id="XLXI_47count11LFBK_SPECSIG"/><signal id="XLXI_47count12LFBK_SPECSIG"/><signal id="XLXI_47count13LFBK_SPECSIG"/></pterm><pterm id="FB1_12_1"><signal id="XLXI_47count0_SPECSIG"/><signal id="XLXI_47count1_SPECSIG"/><signal id="XLXI_47count2_SPECSIG"/><signal id="XLXI_47count3_SPECSIG"/><signal id="XLXI_47count4_SPECSIG"/><signal id="XLXI_47count5_SPECSIG"/><signal id="XLXI_47count6LFBK_SPECSIG"/><signal id="XLXI_47count7LFBK_SPECSIG"/><signal id="XLXI_47count8LFBK_SPECSIG"/><signal id="XLXI_47count9LFBK_SPECSIG"/><signal id="XLXI_47count10LFBK_SPECSIG"/><signal id="XLXI_47count11LFBK_SPECSIG"/><signal id="XLXI_47count12LFBK_SPECSIG"/></pterm><pterm id="FB1_13_1"><signal id="XLXI_47count0_SPECSIG"/><signal id="XLXI_47count1_SPECSIG"/><signal id="XLXI_47count2_SPECSIG"/><signal id="XLXI_47count3_SPECSIG"/><signal id="XLXI_47count4_SPECSIG"/><signal id="XLXI_47count5_SPECSIG"/><signal id="XLXI_47count6LFBK_SPECSIG"/><signal id="XLXI_47count7LFBK_SPECSIG"/><signal id="XLXI_47count8LFBK_SPECSIG"/><signal id="XLXI_47count9LFBK_SPECSIG"/><signal id="XLXI_47count10LFBK_SPECSIG"/><signal id="XLXI_47count11LFBK_SPECSIG"/></pterm><pterm id="FB1_14_1"><signal id="XLXI_47count0_SPECSIG"/><signal id="XLXI_47count1_SPECSIG"/><signal id="XLXI_47count2_SPECSIG"/><signal id="XLXI_47count3_SPECSIG"/><signal id="XLXI_47count4_SPECSIG"/><signal id="XLXI_47count5_SPECSIG"/><signal id="XLXI_47count6LFBK_SPECSIG"/><signal id="XLXI_47count7LFBK_SPECSIG"/><signal id="XLXI_47count8LFBK_SPECSIG"/><signal id="XLXI_47count9LFBK_SPECSIG"/><signal id="XLXI_47count10LFBK_SPECSIG"/></pterm><pterm id="FB1_15_1"><signal id="CLK"/></pterm><pterm id="FB1_16_1"><signal id="_AS" negated="ON"/><signal id="XLXI_48XLXN_16_SPECSIG"/></pterm><pterm id="FB1_16_2"><signal id="_AS" negated="ON"/><signal id="_DTACK" negated="ON"/></pterm><pterm id="FB1_17_1"><signal id="_HALT"/></pterm><pterm id="FB1_17_2"><signal id="XLXI_47count0_SPECSIG" negated="ON"/><signal id="XLXI_47count1_SPECSIG" negated="ON"/><signal id="XLXI_47count2_SPECSIG"/><signal id="XLXI_47count3_SPECSIG" negated="ON"/><signal id="XLXI_47count4_SPECSIG"/><signal id="XLXI_47count5_SPECSIG" negated="ON"/><signal id="XLXI_47count6LFBK_SPECSIG" negated="ON"/><signal id="XLXI_47count7LFBK_SPECSIG" negated="ON"/><signal id="XLXI_47count8LFBK_SPECSIG" negated="ON"/><signal id="XLXI_47count9LFBK_SPECSIG" negated="ON"/><signal id="XLXI_47count10LFBK_SPECSIG" negated="ON"/><signal id="XLXI_47count11LFBK_SPECSIG" negated="ON"/><signal id="XLXI_47count12LFBK_SPECSIG" negated="ON"/><signal id="XLXI_47count13LFBK_SPECSIG" negated="ON"/><signal id="XLXI_47count14LFBK_SPECSIG" negated="ON"/><signal id="XLXI_47count15LFBK_SPECSIG" negated="ON"/></pterm><pterm id="FB1_18_1"><signal id="XLXI_47count0_SPECSIG"/><signal id="XLXI_47count1_SPECSIG"/><signal id="XLXI_47count2_SPECSIG"/><signal id="XLXI_47count3_SPECSIG"/><signal id="XLXI_47count4_SPECSIG"/><signal id="XLXI_47count5_SPECSIG"/><signal id="XLXI_47count6LFBK_SPECSIG"/><signal id="XLXI_47count7LFBK_SPECSIG"/><signal id="XLXI_47count8LFBK_SPECSIG"/><signal id="XLXI_47count9LFBK_SPECSIG"/></pterm><equation id="XLXI_47count9_SPECSIG" regUse="T"><d2><eq_pterm ptindx="FB1_3_1"/></d2><clk><fastsig signal="CLK"/></clk><prld ptindx="GND"/></equation><equation id="XLXI_47count8_SPECSIG" regUse="T"><d2><eq_pterm ptindx="FB1_4_1"/></d2><clk><fastsig signal="CLK"/></clk><prld ptindx="GND"/></equation><equation id="XLXI_47count7_SPECSIG" regUse="T"><d2><eq_pterm ptindx="FB1_5_1"/></d2><clk><fastsig signal="CLK"/></clk><prld ptindx="GND"/></equation><equation id="_BERR" negated="ON" userloc="4"><d2><eq_pterm ptindx="FB1_6_1"/></d2></equation><equation id="XLXI_47count6_SPECSIG" regUse="T"><d2><eq_pterm ptindx="FB1_7_1"/></d2><clk><fastsig signal="CLK"/></clk><prld ptindx="GND"/></equation><equation id="_BGACK" regUse="D" userloc="5"><d2><eq_pterm ptindx="FB1_8_1"/><eq_pterm ptindx="FB1_8_2"/></d2><clk><fastsig signal="CLK"/></clk><prld ptindx="GND"/></equation><equation id="_BR" regUse="D" userloc="6"><d2><eq_pterm ptindx="FB1_9_1"/><eq_pterm ptindx="FB1_9_2"/></d2><clk><fastsig signal="CLK"/></clk><prld ptindx="GND"/></equation><equation id="XLXI_47count15_SPECSIG" regUse="T"><d2><eq_pterm ptindx="FB1_10_1"/></d2><clk><fastsig signal="CLK"/></clk><prld ptindx="GND"/></equation><equation id="XLXI_47count14_SPECSIG" regUse="T"><d2><eq_pterm ptindx="FB1_11_1"/></d2><clk><fastsig signal="CLK"/></clk><prld ptindx="GND"/></equation><equation id="XLXI_47count13_SPECSIG" regUse="T"><d2><eq_pterm ptindx="FB1_12_1"/></d2><clk><fastsig signal="CLK"/></clk><prld ptindx="GND"/></equation><equation id="XLXI_47count12_SPECSIG" regUse="T"><d2><eq_pterm ptindx="FB1_13_1"/></d2><clk><fastsig signal="CLK"/></clk><prld ptindx="GND"/></equation><equation id="XLXI_47count11_SPECSIG" regUse="T"><d2><eq_pterm ptindx="FB1_14_1"/></d2><clk><fastsig signal="CLK"/></clk><prld ptindx="GND"/></equation><equation id="SYSCLOCK" userloc="11"><d2><eq_pterm ptindx="FB1_15_1"/></d2></equation><equation id="_DSACK0" negated="ON" userloc="12"><d2><eq_pterm ptindx="FB1_16_1"/><eq_pterm ptindx="FB1_16_2"/></d2></equation><equation id="_DSACK1" regUse="D" userloc="13"><d2><eq_pterm ptindx="FB1_17_1"/><eq_pterm ptindx="FB1_17_2"/></d2><clk><fastsig signal="CLK"/></clk><prld ptindx="GND"/></equation><equation id="XLXI_47count10_SPECSIG" regUse="T"><d2><eq_pterm ptindx="FB1_18_1"/></d2><clk><fastsig signal="CLK"/></clk><prld ptindx="GND"/></equation></fblock><fblock id="FB2" inputUse="23" pinUse="4"><macrocell id="FB2_MC1"><pterms pt1="FB2_1_1" pt2="FB2_1_2"/></macrocell><macrocell id="FB2_MC2" pin="FB2_MC2_PIN71" sigUse="17" signal="VHI"><pterms pt1="FB2_2_1" pt2="FB2_2_2"/></macrocell><macrocell id="FB2_MC3" pin="FB2_MC3_PIN72"/><macrocell id="FB2_MC4"/><macrocell id="FB2_MC5" pin="FB2_MC5_PIN74"/><macrocell id="FB2_MC6" pin="FB2_MC6_PIN75"/><macrocell id="FB2_MC7"/><macrocell id="FB2_MC8" pin="FB2_MC8_PIN76"/><macrocell id="FB2_MC9" pin="FB2_MC9_PIN77"/><macrocell id="FB2_MC10"/><macrocell id="FB2_MC11" pin="FB2_MC11_PIN79"/><macrocell id="FB2_MC12" pin="FB2_MC12_PIN80"/><macrocell id="FB2_MC13"/><macrocell id="FB2_MC14" pin="FB2_MC14_PIN81"/><macrocell id="FB2_MC15" pin="FB2_MC15_PIN82" sigUse="7" signal="XLXI_68Q3_SPECSIG"><pterms pt1="FB2_15_1" pt2="FB2_15_2" pt3="FB2_15_3" pt4="FB2_15_4" pt5="FB2_15_5"/></macrocell><macrocell id="FB2_MC16" pin="FB2_MC16_PIN83" sigUse="7" signal="XLXI_68Q0_SPECSIG"><pterms pt1="FB2_16_1" pt2="FB2_16_2" pt3="FB2_16_3" pt4="FB2_16_4" pt5="FB2_16_5"/></macrocell><macrocell id="FB2_MC17" pin="FB2_MC17_PIN84" sigUse="7" signal="XLXI_68Q2_SPECSIG"><pterms pt1="FB2_17_1" pt2="FB2_17_2" pt3="FB2_17_3" pt4="FB2_17_4" pt5="FB2_17_5"/></macrocell><macrocell id="FB2_MC18" sigUse="7" signal="XLXI_68Q1_SPECSIG"><pterms pt1="FB2_18_1" pt2="FB2_18_2" pt3="FB2_18_3" pt4="FB2_18_4" pt5="FB2_18_5"/></macrocell><fbinput id="FB2_I1" signal="_AS"/><fbinput fbk="PIN" id="FB2_I2" signal="MFPCLKPIN_SPECSIG"/><fbinput id="FB2_I3" signal="XLXI_47count0_SPECSIG"/><fbinput id="FB2_I4" signal="XLXI_47count10_SPECSIG"/><fbinput id="FB2_I5" signal="XLXI_47count11_SPECSIG"/><fbinput id="FB2_I6" signal="XLXI_47count12_SPECSIG"/><fbinput id="FB2_I7" signal="XLXI_47count13_SPECSIG"/><fbinput id="FB2_I8" signal="XLXI_47count14_SPECSIG"/><fbinput id="FB2_I9" signal="XLXI_47count15_SPECSIG"/><fbinput id="FB2_I10" signal="XLXI_47count1_SPECSIG"/><fbinput id="FB2_I11" signal="XLXI_47count2_SPECSIG"/><fbinput id="FB2_I12" signal="XLXI_47count3_SPECSIG"/><fbinput id="FB2_I13" signal="XLXI_47count4_SPECSIG"/><fbinput id="FB2_I14" signal="XLXI_47count5_SPECSIG"/><fbinput id="FB2_I15" signal="XLXI_47count6_SPECSIG"/><fbinput id="FB2_I16" signal="XLXI_47count7_SPECSIG"/><fbinput id="FB2_I17" signal="XLXI_47count8_SPECSIG"/><fbinput id="FB2_I18" signal="XLXI_47count9_SPECSIG"/><fbinput fbk="LFBK" id="FB2_I19" signal="XLXI_68Q0LFBK_SPECSIG"/><fbinput fbk="LFBK" id="FB2_I20" signal="XLXI_68Q1LFBK_SPECSIG"/><fbinput fbk="LFBK" id="FB2_I21" signal="XLXI_68Q2LFBK_SPECSIG"/><fbinput fbk="LFBK" id="FB2_I22" signal="XLXI_68Q3LFBK_SPECSIG"/><fbinput id="FB2_I23" signal="_HALT"/><pterm id="FB2_1_1"><signal id="_AS" negated="ON"/><signal id="XLXI_68Q1LFBK_SPECSIG"/><signal id="XLXI_68Q2LFBK_SPECSIG" negated="ON"/><signal id="XLXI_68Q0LFBK_SPECSIG"/></pterm><pterm id="FB2_1_2"><signal id="_AS" negated="ON"/><signal id="XLXI_68Q1LFBK_SPECSIG"/><signal id="XLXI_68Q3LFBK_SPECSIG" negated="ON"/><signal id="XLXI_68Q0LFBK_SPECSIG"/></pterm><pterm id="FB2_2_1"><signal id="_HALT"/></pterm><pterm id="FB2_2_2"><signal id="XLXI_47count0_SPECSIG" negated="ON"/><signal id="XLXI_47count10_SPECSIG" negated="ON"/><signal id="XLXI_47count11_SPECSIG" negated="ON"/><signal id="XLXI_47count12_SPECSIG" negated="ON"/><signal id="XLXI_47count13_SPECSIG" negated="ON"/><signal id="XLXI_47count14_SPECSIG" negated="ON"/><signal id="XLXI_47count1_SPECSIG" negated="ON"/><signal id="XLXI_47count2_SPECSIG"/><signal id="XLXI_47count3_SPECSIG" negated="ON"/><signal id="XLXI_47count4_SPECSIG"/><signal id="XLXI_47count5_SPECSIG" negated="ON"/><signal id="XLXI_47count6_SPECSIG" negated="ON"/><signal id="XLXI_47count7_SPECSIG" negated="ON"/><signal id="XLXI_47count8_SPECSIG" negated="ON"/><signal id="XLXI_47count9_SPECSIG" negated="ON"/><signal id="XLXI_47count15_SPECSIG" negated="ON"/></pterm><pterm id="FB2_15_1"><signal id="_AS"/><signal id="_HALT" negated="ON"/></pterm><pterm id="FB2_15_2"><signal id="_AS" negated="ON"/><signal id="XLXI_68Q3LFBK_SPECSIG"/></pterm><pterm id="FB2_15_3"><signal id="_AS" negated="ON"/><signal id="XLXI_68Q1LFBK_SPECSIG"/><signal id="XLXI_68Q2LFBK_SPECSIG"/><signal id="XLXI_68Q0LFBK_SPECSIG"/></pterm><pterm id="FB2_15_4"><signal id="_AS"/></pterm><pterm id="FB2_15_5"><signal id="MFPCLKPIN_SPECSIG"/></pterm><pterm id="FB2_16_1"><signal id="_AS"/><signal id="_HALT" negated="ON"/></pterm><pterm id="FB2_16_2"><signal id="_AS" negated="ON"/><signal id="XLXI_68Q0LFBK_SPECSIG" negated="ON"/></pterm><pterm id="FB2_16_3"><signal id="_AS" negated="ON"/><signal id="XLXI_68Q1LFBK_SPECSIG"/><signal id="XLXI_68Q2LFBK_SPECSIG"/><signal id="XLXI_68Q3LFBK_SPECSIG"/></pterm><pterm id="FB2_16_4"><signal id="_AS"/></pterm><pterm id="FB2_16_5"><signal id="MFPCLKPIN_SPECSIG"/></pterm><pterm id="FB2_17_1"><signal id="_AS"/><signal id="_HALT"/></pterm><pterm id="FB2_17_2"><signal id="_AS" negated="ON"/><signal id="XLXI_68Q1LFBK_SPECSIG" negated="ON"/><signal id="XLXI_68Q2LFBK_SPECSIG" negated="ON"/></pterm><pterm id="FB2_17_3"><signal id="_AS" negated="ON"/><signal id="XLXI_68Q2LFBK_SPECSIG" negated="ON"/><signal id="XLXI_68Q0LFBK_SPECSIG" negated="ON"/></pterm><pterm id="FB2_17_4"><signal id="_AS"/></pterm><pterm id="FB2_17_5"><signal id="MFPCLKPIN_SPECSIG"/></pterm><pterm id="FB2_18_1"><signal id="_AS"/><signal id="_HALT"/></pterm><pterm id="FB2_18_2"><signal id="_AS" negated="ON"/><signal id="XLXI_68Q1LFBK_SPECSIG" negated="ON"/><signal id="XLXI_68Q0LFBK_SPECSIG" negated="ON"/></pterm><pterm id="FB2_18_3"><signal id="_AS"/></pterm><pterm id="FB2_18_4"><signal id="MFPCLKPIN_SPECSIG"/></pterm><pterm id="FB2_18_5"><signal id="_AS" negated="ON"/><signal id="XLXI_68Q1LFBK_SPECSIG"/><signal id="XLXI_68Q2LFBK_SPECSIG"/><signal id="XLXI_68Q3LFBK_SPECSIG" negated="ON"/><signal id="XLXI_68Q0LFBK_SPECSIG"/></pterm><equation id="VHI" regUse="D"><d2><eq_pterm ptindx="FB2_2_1"/><eq_pterm ptindx="FB2_2_2"/></d2><clk><fastsig signal="CLK"/></clk><prld ptindx="GND"/></equation><equation id="XLXI_68Q3_SPECSIG" regUse="D"><d2><eq_pterm ptindx="FB2_15_1"/><eq_pterm ptindx="FB2_15_2"/><eq_pterm ptindx="FB2_15_3"/></d2><clk><eq_pterm ptindx="FB2_15_5"/></clk><reset><eq_pterm ptindx="FB2_15_4"/></reset><prld ptindx="GND"/></equation><equation id="XLXI_68Q0_SPECSIG" regUse="D"><d2><eq_pterm ptindx="FB2_16_1"/><eq_pterm ptindx="FB2_16_2"/><eq_pterm ptindx="FB2_16_3"/></d2><clk><eq_pterm ptindx="FB2_16_5"/></clk><reset><eq_pterm ptindx="FB2_16_4"/></reset><prld ptindx="GND"/></equation><equation id="XLXI_68Q2_SPECSIG" negated="ON" regUse="D"><d2><eq_pterm ptindx="FB2_17_1"/><eq_pterm ptindx="FB2_17_2"/><eq_pterm ptindx="FB2_17_3"/><eq_pterm import="1" ptindx="FB2_18_5"/></d2><clk><eq_pterm ptindx="FB2_17_5"/></clk><reset><eq_pterm ptindx="FB2_17_4"/></reset><prld ptindx="GND"/></equation><equation id="XLXI_68Q1_SPECSIG" negated="ON" regUse="D"><d2><eq_pterm ptindx="FB2_18_1"/><eq_pterm ptindx="FB2_18_2"/><eq_pterm import="1" ptindx="FB2_1_1"/><eq_pterm import="1" ptindx="FB2_1_2"/></d2><clk><eq_pterm ptindx="FB2_18_4"/></clk><reset><eq_pterm ptindx="FB2_18_3"/></reset><prld ptindx="GND"/></equation></fblock><fblock id="FB3" inputUse="31" pinUse="6"><macrocell id="FB3_MC1"/><macrocell id="FB3_MC2" pin="FB3_MC2_PIN14" sigUse="17" signal="_IPL0"><pterms pt1="FB3_2_1" pt2="FB3_2_2"/></macrocell><macrocell id="FB3_MC3" pin="FB3_MC3_PIN15" sigUse="17" signal="_IPL1"><pterms pt1="FB3_3_1" pt2="FB3_3_2"/></macrocell><macrocell id="FB3_MC4"/><macrocell id="FB3_MC5" pin="FB3_MC5_PIN17" sigUse="17" signal="RST"><pterms pt1="FB3_5_1"/></macrocell><macrocell id="FB3_MC6" pin="FB3_MC6_PIN18" sigUse="17" signal="_HALT"><pterms pt1="FB3_6_1"/></macrocell><macrocell id="FB3_MC7"/><macrocell id="FB3_MC8" pin="FB3_MC8_PIN19" sigUse="17" signal="_CDIS"><pterms pt1="FB3_8_1" pt2="FB3_8_2"/></macrocell><macrocell id="FB3_MC9" pin="FB3_MC9_PIN20" sigUse="17" signal="_AVEC"><pterms pt1="FB3_9_1" pt2="FB3_9_2"/></macrocell><macrocell id="FB3_MC10" sigUse="2" signal="XLXI_48XLXN_4_SPECSIG"><pterms pt1="FB3_10_1"/></macrocell><macrocell id="FB3_MC11" pin="FB3_MC11_PIN21" sigUse="5" signal="XLXI_47count5_SPECSIG"><pterms pt1="FB3_11_1"/></macrocell><macrocell id="FB3_MC12" pin="FB3_MC12_PIN23" sigUse="4" signal="XLXI_47count4_SPECSIG"><pterms pt1="FB3_12_1"/></macrocell><macrocell id="FB3_MC13" sigUse="3" signal="XLXI_47count3_SPECSIG"><pterms pt1="FB3_13_1"/></macrocell><macrocell id="FB3_MC14" pin="FB3_MC14_PIN24" sigUse="2" signal="XLXI_47count2_SPECSIG"><pterms pt1="FB3_14_1"/></macrocell><macrocell id="FB3_MC15" pin="FB3_MC15_PIN25" sigUse="1" signal="XLXI_47count1_SPECSIG"><pterms pt1="FB3_15_1"/></macrocell><macrocell id="FB3_MC16" pin="FB3_MC16_PIN26" sigUse="0" signal="XLXI_47count0_SPECSIG"/><macrocell id="FB3_MC17" pin="FB3_MC17_PIN31" sigUse="3" signal="XLXI_48XLXN_16_SPECSIG"><pterms pt1="FB3_17_1" pt2="FB3_17_2"/></macrocell><macrocell id="FB3_MC18" sigUse="12" signal="XLXI_48XLXN_14_SPECSIG"><pterms pt1="FB3_18_1" pt2="FB3_18_2" pt3="FB3_18_3" pt4="FB3_18_4" pt5="FB3_18_5"/></macrocell><fbinput id="FB3_I1" signal="_AS"/><fbinput id="FB3_I2" signal="A16"/><fbinput id="FB3_I3" signal="A17"/><fbinput id="FB3_I4" signal="A18"/><fbinput id="FB3_I5" signal="A19"/><fbinput id="FB3_I6" signal="A20"/><fbinput id="FB3_I7" signal="A21"/><fbinput id="FB3_I8" signal="A22"/><fbinput id="FB3_I9" signal="A23"/><fbinput id="FB3_I10" signal="FC0"/><fbinput id="FB3_I11" signal="FC1"/><fbinput fbk="LFBK" id="FB3_I12" signal="RST_OBUFLFBK_SPECSIG"/><fbinput fbk="LFBK" id="FB3_I13" signal="VHI_OBUFLFBK_SPECSIG"/><fbinput fbk="LFBK" id="FB3_I14" signal="XLXI_47count0LFBK_SPECSIG"/><fbinput id="FB3_I15" signal="XLXI_47count10_SPECSIG"/><fbinput id="FB3_I16" signal="XLXI_47count11_SPECSIG"/><fbinput id="FB3_I17" signal="XLXI_47count12_SPECSIG"/><fbinput id="FB3_I18" signal="XLXI_47count13_SPECSIG"/><fbinput id="FB3_I19" signal="XLXI_47count14_SPECSIG"/><fbinput id="FB3_I20" signal="XLXI_47count15_SPECSIG"/><fbinput fbk="LFBK" id="FB3_I21" signal="XLXI_47count1LFBK_SPECSIG"/><fbinput fbk="LFBK" id="FB3_I22" signal="XLXI_47count2LFBK_SPECSIG"/><fbinput fbk="LFBK" id="FB3_I23" signal="XLXI_47count3LFBK_SPECSIG"/><fbinput fbk="LFBK" id="FB3_I24" signal="XLXI_47count4LFBK_SPECSIG"/><fbinput fbk="LFBK" id="FB3_I25" signal="XLXI_47count5LFBK_SPECSIG"/><fbinput id="FB3_I26" signal="XLXI_47count6_SPECSIG"/><fbinput id="FB3_I27" signal="XLXI_47count7_SPECSIG"/><fbinput id="FB3_I28" signal="XLXI_47count8_SPECSIG"/><fbinput id="FB3_I29" signal="XLXI_47count9_SPECSIG"/><fbinput fbk="LFBK" id="FB3_I30" signal="XLXI_48XLXN_14LFBK_SPECSIG"/><fbinput fbk="LFBK" id="FB3_I31" signal="XLXI_48XLXN_4LFBK_SPECSIG"/><pterm id="FB3_2_1"><signal id="VHI_OBUFLFBK_SPECSIG"/></pterm><pterm id="FB3_2_2"><signal id="XLXI_47count10_SPECSIG" negated="ON"/><signal id="XLXI_47count11_SPECSIG" negated="ON"/><signal id="XLXI_47count12_SPECSIG" negated="ON"/><signal id="XLXI_47count13_SPECSIG" negated="ON"/><signal id="XLXI_47count14_SPECSIG" negated="ON"/><signal id="XLXI_47count6_SPECSIG" negated="ON"/><signal id="XLXI_47count7_SPECSIG" negated="ON"/><signal id="XLXI_47count8_SPECSIG" negated="ON"/><signal id="XLXI_47count9_SPECSIG" negated="ON"/><signal id="XLXI_47count15_SPECSIG" negated="ON"/><signal id="XLXI_47count0LFBK_SPECSIG" negated="ON"/><signal id="XLXI_47count1LFBK_SPECSIG" negated="ON"/><signal id="XLXI_47count2LFBK_SPECSIG"/><signal id="XLXI_47count3LFBK_SPECSIG" negated="ON"/><signal id="XLXI_47count4LFBK_SPECSIG"/><signal id="XLXI_47count5LFBK_SPECSIG" negated="ON"/></pterm><pterm id="FB3_3_1"><signal id="VHI_OBUFLFBK_SPECSIG"/></pterm><pterm id="FB3_3_2"><signal id="XLXI_47count10_SPECSIG" negated="ON"/><signal id="XLXI_47count11_SPECSIG" negated="ON"/><signal id="XLXI_47count12_SPECSIG" negated="ON"/><signal id="XLXI_47count13_SPECSIG" negated="ON"/><signal id="XLXI_47count14_SPECSIG" negated="ON"/><signal id="XLXI_47count6_SPECSIG" negated="ON"/><signal id="XLXI_47count7_SPECSIG" negated="ON"/><signal id="XLXI_47count8_SPECSIG" negated="ON"/><signal id="XLXI_47count9_SPECSIG" negated="ON"/><signal id="XLXI_47count15_SPECSIG" negated="ON"/><signal id="XLXI_47count0LFBK_SPECSIG" negated="ON"/><signal id="XLXI_47count1LFBK_SPECSIG" negated="ON"/><signal id="XLXI_47count2LFBK_SPECSIG"/><signal id="XLXI_47count3LFBK_SPECSIG" negated="ON"/><signal id="XLXI_47count4LFBK_SPECSIG"/><signal id="XLXI_47count5LFBK_SPECSIG" negated="ON"/></pterm><pterm id="FB3_5_1"><signal id="XLXI_47count10_SPECSIG" negated="ON"/><signal id="XLXI_47count11_SPECSIG" negated="ON"/><signal id="XLXI_47count12_SPECSIG"/><signal id="XLXI_47count13_SPECSIG" negated="ON"/><signal id="XLXI_47count14_SPECSIG" negated="ON"/><signal id="XLXI_47count6_SPECSIG" negated="ON"/><signal id="XLXI_47count7_SPECSIG"/><signal id="XLXI_47count8_SPECSIG"/><signal id="XLXI_47count9_SPECSIG"/><signal id="XLXI_47count15_SPECSIG" negated="ON"/><signal id="XLXI_47count0LFBK_SPECSIG" negated="ON"/><signal id="XLXI_47count1LFBK_SPECSIG" negated="ON"/><signal id="XLXI_47count2LFBK_SPECSIG" negated="ON"/><signal id="XLXI_47count3LFBK_SPECSIG"/><signal id="XLXI_47count4LFBK_SPECSIG" negated="ON"/><signal id="XLXI_47count5LFBK_SPECSIG" negated="ON"/><signal id="RST_OBUFLFBK_SPECSIG" negated="ON"/></pterm><pterm id="FB3_6_1"><signal id="XLXI_47count10_SPECSIG" negated="ON"/><signal id="XLXI_47count11_SPECSIG" negated="ON"/><signal id="XLXI_47count12_SPECSIG" negated="ON"/><signal id="XLXI_47count13_SPECSIG" negated="ON"/><signal id="XLXI_47count14_SPECSIG" negated="ON"/><signal id="XLXI_47count6_SPECSIG" negated="ON"/><signal id="XLXI_47count7_SPECSIG" negated="ON"/><signal id="XLXI_47count8_SPECSIG" negated="ON"/><signal id="XLXI_47count9_SPECSIG" negated="ON"/><signal id="XLXI_47count15_SPECSIG" negated="ON"/><signal id="VHI_OBUFLFBK_SPECSIG" negated="ON"/><signal id="XLXI_47count0LFBK_SPECSIG" negated="ON"/><signal id="XLXI_47count1LFBK_SPECSIG" negated="ON"/><signal id="XLXI_47count2LFBK_SPECSIG"/><signal id="XLXI_47count3LFBK_SPECSIG" negated="ON"/><signal id="XLXI_47count4LFBK_SPECSIG"/><signal id="XLXI_47count5LFBK_SPECSIG" negated="ON"/></pterm><pterm id="FB3_8_1"><signal id="VHI_OBUFLFBK_SPECSIG"/></pterm><pterm id="FB3_8_2"><signal id="XLXI_47count10_SPECSIG" negated="ON"/><signal id="XLXI_47count11_SPECSIG" negated="ON"/><signal id="XLXI_47count12_SPECSIG" negated="ON"/><signal id="XLXI_47count13_SPECSIG" negated="ON"/><signal id="XLXI_47count14_SPECSIG" negated="ON"/><signal id="XLXI_47count6_SPECSIG" negated="ON"/><signal id="XLXI_47count7_SPECSIG" negated="ON"/><signal id="XLXI_47count8_SPECSIG" negated="ON"/><signal id="XLXI_47count9_SPECSIG" negated="ON"/><signal id="XLXI_47count15_SPECSIG" negated="ON"/><signal id="XLXI_47count0LFBK_SPECSIG" negated="ON"/><signal id="XLXI_47count1LFBK_SPECSIG" negated="ON"/><signal id="XLXI_47count2LFBK_SPECSIG"/><signal id="XLXI_47count3LFBK_SPECSIG" negated="ON"/><signal id="XLXI_47count4LFBK_SPECSIG"/><signal id="XLXI_47count5LFBK_SPECSIG" negated="ON"/></pterm><pterm id="FB3_9_1"><signal id="VHI_OBUFLFBK_SPECSIG"/></pterm><pterm id="FB3_9_2"><signal id="XLXI_47count10_SPECSIG" negated="ON"/><signal id="XLXI_47count11_SPECSIG" negated="ON"/><signal id="XLXI_47count12_SPECSIG" negated="ON"/><signal id="XLXI_47count13_SPECSIG" negated="ON"/><signal id="XLXI_47count14_SPECSIG" negated="ON"/><signal id="XLXI_47count6_SPECSIG" negated="ON"/><signal id="XLXI_47count7_SPECSIG" negated="ON"/><signal id="XLXI_47count8_SPECSIG" negated="ON"/><signal id="XLXI_47count9_SPECSIG" negated="ON"/><signal id="XLXI_47count15_SPECSIG" negated="ON"/><signal id="XLXI_47count0LFBK_SPECSIG" negated="ON"/><signal id="XLXI_47count1LFBK_SPECSIG" negated="ON"/><signal id="XLXI_47count2LFBK_SPECSIG"/><signal id="XLXI_47count3LFBK_SPECSIG" negated="ON"/><signal id="XLXI_47count4LFBK_SPECSIG"/><signal id="XLXI_47count5LFBK_SPECSIG" negated="ON"/></pterm><pterm id="FB3_10_1"><signal id="VHI_OBUFLFBK_SPECSIG"/><signal id="XLXI_48XLXN_4LFBK_SPECSIG"/></pterm><pterm id="FB3_11_1"><signal id="XLXI_47count0LFBK_SPECSIG"/><signal id="XLXI_47count1LFBK_SPECSIG"/><signal id="XLXI_47count2LFBK_SPECSIG"/><signal id="XLXI_47count3LFBK_SPECSIG"/><signal id="XLXI_47count4LFBK_SPECSIG"/></pterm><pterm id="FB3_12_1"><signal id="XLXI_47count0LFBK_SPECSIG"/><signal id="XLXI_47count1LFBK_SPECSIG"/><signal id="XLXI_47count2LFBK_SPECSIG"/><signal id="XLXI_47count3LFBK_SPECSIG"/></pterm><pterm id="FB3_13_1"><signal id="XLXI_47count0LFBK_SPECSIG"/><signal id="XLXI_47count1LFBK_SPECSIG"/><signal id="XLXI_47count2LFBK_SPECSIG"/></pterm><pterm id="FB3_14_1"><signal id="XLXI_47count0LFBK_SPECSIG"/><signal id="XLXI_47count1LFBK_SPECSIG"/></pterm><pterm id="FB3_15_1"><signal id="XLXI_47count0LFBK_SPECSIG"/></pterm><pterm id="FB3_17_1"><signal id="VHI_OBUFLFBK_SPECSIG" negated="ON"/></pterm><pterm id="FB3_17_2"><signal id="_AS" negated="ON"/><signal id="XLXI_48XLXN_14LFBK_SPECSIG"/></pterm><pterm id="FB3_18_1"><signal id="VHI_OBUFLFBK_SPECSIG" negated="ON"/></pterm><pterm id="FB3_18_2"><signal id="A22"/><signal id="A21"/><signal id="A20"/><signal id="A19" negated="ON"/><signal id="A18" negated="ON"/><signal id="A17" negated="ON"/><signal id="A16" negated="ON"/><signal id="FC1"/><signal id="FC0" negated="ON"/><signal id="A23"/><signal id="_AS" negated="ON"/></pterm><pterm id="FB3_18_3"><signal id="A22"/><signal id="A21"/><signal id="A20"/><signal id="A19" negated="ON"/><signal id="A18" negated="ON"/><signal id="A17" negated="ON"/><signal id="A16" negated="ON"/><signal id="FC1" negated="ON"/><signal id="FC0"/><signal id="A23"/><signal id="_AS" negated="ON"/></pterm><pterm id="FB3_18_4"><signal id="A22" negated="ON"/><signal id="A21" negated="ON"/><signal id="A20" negated="ON"/><signal id="A19" negated="ON"/><signal id="A18" negated="ON"/><signal id="A17" negated="ON"/><signal id="A16" negated="ON"/><signal id="FC1"/><signal id="FC0" negated="ON"/><signal id="A23" negated="ON"/><signal id="_AS" negated="ON"/></pterm><pterm id="FB3_18_5"><signal id="A22" negated="ON"/><signal id="A21" negated="ON"/><signal id="A20" negated="ON"/><signal id="A19" negated="ON"/><signal id="A18" negated="ON"/><signal id="A17" negated="ON"/><signal id="A16" negated="ON"/><signal id="FC1" negated="ON"/><signal id="FC0"/><signal id="A23" negated="ON"/><signal id="_AS" negated="ON"/></pterm><equation id="_IPL0" regUse="D" userloc="14"><d2><eq_pterm ptindx="FB3_2_1"/><eq_pterm ptindx="FB3_2_2"/></d2><clk><fastsig signal="CLK"/></clk><prld ptindx="GND"/></equation><equation id="_IPL1" regUse="D" userloc="15"><d2><eq_pterm ptindx="FB3_3_1"/><eq_pterm ptindx="FB3_3_2"/></d2><clk><fastsig signal="CLK"/></clk><prld ptindx="GND"/></equation><equation id="RST" regUse="T" userloc="17"><d2><eq_pterm ptindx="FB3_5_1"/></d2><clk><fastsig signal="CLK"/></clk><prld ptindx="GND"/></equation><equation id="_HALT" regUse="T" userloc="18"><d2><eq_pterm ptindx="FB3_6_1"/></d2><clk><fastsig signal="CLK"/></clk><prld ptindx="GND"/></equation><equation id="_CDIS" regUse="D" userloc="19"><d2><eq_pterm ptindx="FB3_8_1"/><eq_pterm ptindx="FB3_8_2"/></d2><clk><fastsig signal="CLK"/></clk><prld ptindx="GND"/></equation><equation id="_AVEC" regUse="D" userloc="20"><d2><eq_pterm ptindx="FB3_9_1"/><eq_pterm ptindx="FB3_9_2"/></d2><clk><fastsig signal="CLK"/></clk><prld ptindx="GND"/></equation><equation id="XLXI_48XLXN_4_SPECSIG" negated="ON" regUse="D"><d2><eq_pterm ptindx="FB3_10_1"/></d2><clk><fastsig signal="CLK"/></clk><prld ptindx="GND"/></equation><equation id="XLXI_47count5_SPECSIG" regUse="T"><d2><eq_pterm ptindx="FB3_11_1"/></d2><clk><fastsig signal="CLK"/></clk><prld ptindx="GND"/></equation><equation id="XLXI_47count4_SPECSIG" regUse="T"><d2><eq_pterm ptindx="FB3_12_1"/></d2><clk><fastsig signal="CLK"/></clk><prld ptindx="GND"/></equation><equation id="XLXI_47count3_SPECSIG" regUse="T"><d2><eq_pterm ptindx="FB3_13_1"/></d2><clk><fastsig signal="CLK"/></clk><prld ptindx="GND"/></equation><equation id="XLXI_47count2_SPECSIG" regUse="T"><d2><eq_pterm ptindx="FB3_14_1"/></d2><clk><fastsig signal="CLK"/></clk><prld ptindx="GND"/></equation><equation id="XLXI_47count1_SPECSIG" regUse="T"><d2><eq_pterm ptindx="FB3_15_1"/></d2><clk><fastsig signal="CLK"/></clk><prld ptindx="GND"/></equation><equation id="XLXI_47count0_SPECSIG" regUse="T"><d2><eq_pterm ptindx="VCC"/></d2><clk><fastsig signal="CLK"/></clk><prld ptindx="GND"/></equation><equation id="XLXI_48XLXN_16_SPECSIG" regUse="D"><d2><eq_pterm ptindx="FB3_17_1"/><eq_pterm ptindx="FB3_17_2"/></d2><clk><fastsig signal="CLK"/></clk><prld ptindx="GND"/></equation><equation id="XLXI_48XLXN_14_SPECSIG" regUse="D"><d2><eq_pterm ptindx="FB3_18_1"/><eq_pterm ptindx="FB3_18_2"/><eq_pterm ptindx="FB3_18_3"/><eq_pterm ptindx="FB3_18_4"/><eq_pterm ptindx="FB3_18_5"/></d2><clk><fastsig signal="CLK"/></clk><prld ptindx="GND"/></equation></fblock><fblock id="FB4" inputUse="14" pinUse="5"><macrocell id="FB4_MC1"/><macrocell id="FB4_MC2" pin="FB4_MC2_PIN57"/><macrocell id="FB4_MC3" pin="FB4_MC3_PIN58"/><macrocell id="FB4_MC4"/><macrocell id="FB4_MC5" pin="FB4_MC5_PIN61"/><macrocell id="FB4_MC6" pin="FB4_MC6_PIN62"/><macrocell id="FB4_MC7"/><macrocell id="FB4_MC8" pin="FB4_MC8_PIN63" sigUse="3" signal="MFPCLK"><pterms pt1="FB4_8_1" pt2="FB4_8_2"/></macrocell><macrocell id="FB4_MC9" pin="FB4_MC9_PIN65"/><macrocell id="FB4_MC10"/><macrocell id="FB4_MC11" pin="FB4_MC11_PIN66" sigUse="11" signal="_RAMCS"><pterms pt1="FB4_11_1" pt2="FB4_11_2"/></macrocell><macrocell id="FB4_MC12" pin="FB4_MC12_PIN67"/><macrocell id="FB4_MC13"/><macrocell id="FB4_MC14" pin="FB4_MC14_PIN68" sigUse="11" signal="_MFPCS"><pterms pt1="FB4_14_1" pt2="FB4_14_2"/></macrocell><macrocell id="FB4_MC15" pin="FB4_MC15_PIN69"/><macrocell id="FB4_MC16"/><macrocell id="FB4_MC17" pin="FB4_MC17_PIN70" sigUse="11" signal="_ROMCS"><pterms pt1="FB4_17_1" pt2="FB4_17_2"/></macrocell><macrocell id="FB4_MC18"/><fbinput id="FB4_I1" signal="_AS"/><fbinput id="FB4_I2" signal="A16"/><fbinput id="FB4_I3" signal="A17"/><fbinput id="FB4_I4" signal="A18"/><fbinput id="FB4_I5" signal="A19"/><fbinput id="FB4_I6" signal="A20"/><fbinput id="FB4_I7" signal="A21"/><fbinput id="FB4_I8" signal="A22"/><fbinput id="FB4_I9" signal="A23"/><fbinput id="FB4_I10" signal="FC0"/><fbinput id="FB4_I11" signal="FC1"/><fbinput fbk="LFBK" id="FB4_I12" signal="MFPCLK_OBUFLFBK_SPECSIG"/><fbinput id="FB4_I13" signal="XLXI_48XLXN_4_SPECSIG"/><fbinput id="FB4_I14" signal="_HALT"/><pterm id="FB4_8_1"><signal id="_HALT"/><signal id="MFPCLK_OBUFLFBK_SPECSIG"/></pterm><pterm id="FB4_8_2"><signal id="XLXI_48XLXN_4_SPECSIG"/></pterm><pterm id="FB4_11_1"><signal id="A22"/><signal id="A21"/><signal id="A20"/><signal id="A19" negated="ON"/><signal id="A18" negated="ON"/><signal id="A17" negated="ON"/><signal id="A16" negated="ON"/><signal id="FC1"/><signal id="FC0" negated="ON"/><signal id="A23"/><signal id="_AS" negated="ON"/></pterm><pterm id="FB4_11_2"><signal id="A22"/><signal id="A21"/><signal id="A20"/><signal id="A19" negated="ON"/><signal id="A18" negated="ON"/><signal id="A17" negated="ON"/><signal id="A16" negated="ON"/><signal id="FC1" negated="ON"/><signal id="FC0"/><signal id="A23"/><signal id="_AS" negated="ON"/></pterm><pterm id="FB4_14_1"><signal id="A22"/><signal id="A21"/><signal id="A20" negated="ON"/><signal id="A19"/><signal id="A18"/><signal id="A17"/><signal id="A16"/><signal id="FC1"/><signal id="FC0" negated="ON"/><signal id="A23"/><signal id="_AS" negated="ON"/></pterm><pterm id="FB4_14_2"><signal id="A22"/><signal id="A21"/><signal id="A20" negated="ON"/><signal id="A19"/><signal id="A18"/><signal id="A17"/><signal id="A16"/><signal id="FC1" negated="ON"/><signal id="FC0"/><signal id="A23"/><signal id="_AS" negated="ON"/></pterm><pterm id="FB4_17_1"><signal id="A22" negated="ON"/><signal id="A21" negated="ON"/><signal id="A20" negated="ON"/><signal id="A19" negated="ON"/><signal id="A18" negated="ON"/><signal id="A17" negated="ON"/><signal id="A16" negated="ON"/><signal id="FC1"/><signal id="FC0" negated="ON"/><signal id="A23" negated="ON"/><signal id="_AS" negated="ON"/></pterm><pterm id="FB4_17_2"><signal id="A22" negated="ON"/><signal id="A21" negated="ON"/><signal id="A20" negated="ON"/><signal id="A19" negated="ON"/><signal id="A18" negated="ON"/><signal id="A17" negated="ON"/><signal id="A16" negated="ON"/><signal id="FC1" negated="ON"/><signal id="FC0"/><signal id="A23" negated="ON"/><signal id="_AS" negated="ON"/></pterm><equation id="MFPCLK" negated="ON" regUse="D" userloc="63"><d2><eq_pterm ptindx="FB4_8_1"/></d2><clk><eq_pterm ptindx="FB4_8_2"/></clk><prld ptindx="GND"/></equation><equation id="_RAMCS" negated="ON" userloc="66"><d2><eq_pterm ptindx="FB4_11_1"/><eq_pterm ptindx="FB4_11_2"/></d2></equation><equation id="_MFPCS" negated="ON" userloc="68"><d2><eq_pterm ptindx="FB4_14_1"/><eq_pterm ptindx="FB4_14_2"/></d2></equation><equation id="_ROMCS" negated="ON" userloc="70"><d2><eq_pterm ptindx="FB4_17_1"/><eq_pterm ptindx="FB4_17_2"/></d2></equation></fblock><fblock id="FB5" inputUse="0" pinUse="3"><macrocell id="FB5_MC1"/><macrocell id="FB5_MC2" pin="FB5_MC2_PIN32"/><macrocell id="FB5_MC3" pin="FB5_MC3_PIN33"/><macrocell id="FB5_MC4"/><macrocell id="FB5_MC5" pin="FB5_MC5_PIN34"/><macrocell id="FB5_MC6" pin="FB5_MC6_PIN35"/><macrocell id="FB5_MC7"/><macrocell id="FB5_MC8" pin="FB5_MC8_PIN36"/><macrocell id="FB5_MC9" pin="FB5_MC9_PIN37"/><macrocell id="FB5_MC10"/><macrocell id="FB5_MC11" pin="FB5_MC11_PIN39"/><macrocell id="FB5_MC12" pin="FB5_MC12_PIN40"/><macrocell id="FB5_MC13"/><macrocell id="FB5_MC14" pin="FB5_MC14_PIN41"/><macrocell id="FB5_MC15" pin="FB5_MC15_PIN43"/><macrocell id="FB5_MC16"/><macrocell id="FB5_MC17" pin="FB5_MC17_PIN44"/><macrocell id="FB5_MC18"/></fblock><fblock id="FB6" inputUse="7" pinUse="6"><macrocell id="FB6_MC1"/><macrocell id="FB6_MC2" pin="FB6_MC2_PIN45"/><macrocell id="FB6_MC3" pin="FB6_MC3_PIN46"/><macrocell id="FB6_MC4"/><macrocell id="FB6_MC5" pin="FB6_MC5_PIN47"/><macrocell id="FB6_MC6" pin="FB6_MC6_PIN48"/><macrocell id="FB6_MC7"/><macrocell id="FB6_MC8" pin="FB6_MC8_PIN50"/><macrocell id="FB6_MC9" pin="FB6_MC9_PIN51"/><macrocell id="FB6_MC10"/><macrocell id="FB6_MC11" pin="FB6_MC11_PIN52"/><macrocell id="FB6_MC12" pin="FB6_MC12_PIN53"/><macrocell id="FB6_MC13"/><macrocell id="FB6_MC14" pin="FB6_MC14_PIN54"/><macrocell id="FB6_MC15" pin="FB6_MC15_PIN55"/><macrocell id="FB6_MC16"/><macrocell id="FB6_MC17" pin="FB6_MC17_PIN56" sigUse="7" signal="_MFPIACK"><pterms pt1="FB6_17_1"/></macrocell><macrocell id="FB6_MC18"/><fbinput id="FB6_I1" signal="_AS"/><fbinput id="FB6_I2" signal="A01"/><fbinput id="FB6_I3" signal="A02"/><fbinput id="FB6_I4" signal="A03"/><fbinput id="FB6_I5" signal="FC0"/><fbinput id="FB6_I6" signal="FC1"/><fbinput id="FB6_I7" signal="FC2"/><pterm id="FB6_17_1"><signal id="FC2"/><signal id="FC1"/><signal id="FC0"/><signal id="A03"/><signal id="_AS" negated="ON"/><signal id="A02" negated="ON"/><signal id="A01" negated="ON"/></pterm><equation id="_MFPIACK" negated="ON" userloc="56"><d2><eq_pterm ptindx="FB6_17_1"/></d2></equation></fblock><vcc/><gnd/><messages><warning>Cpld - Unable to retrieve the path to the iSE Project Repository. Will   use the default filename of 'rhombusCPLD.ise'.</warning></messages><compOpts exhaust="OFF" gclkopt="ON" gsropt="ON" gtsopt="ON" ignorets="OFF" inputs="36" keepio="OFF" loc="ON" localfbk="ON" mlopt="ON" optimize="SPEED" part="xc95108-20-PC84" pinfbk="ON" power="STD" prld="LOW" pterms="25" slew="FAST" uim="ON" unused="OFF" wysiwyg="OFF"/><specSig signal="MFPCLKPIN_SPECSIG" value="MFPCLK.PIN"/><specSig signal="GCKI_SPECSIG" value="GCK/I"/><specSig signal="b_SPECSIG" value="(b)"/><specSig signal="XLXI_47count11_SPECSIG" value="XLXI_47/count&lt;11&gt;"/><specSig signal="XLXI_68Q3_SPECSIG" value="XLXI_68/Q3"/><specSig signal="XLXI_68Q0_SPECSIG" value="XLXI_68/Q0"/><specSig signal="XLXI_68Q2_SPECSIG" value="XLXI_68/Q2"/><specSig signal="XLXI_47count5_SPECSIG" value="XLXI_47/count&lt;5&gt;"/><specSig signal="XLXI_47count4_SPECSIG" value="XLXI_47/count&lt;4&gt;"/><specSig signal="XLXI_47count2_SPECSIG" value="XLXI_47/count&lt;2&gt;"/><specSig signal="XLXI_47count1_SPECSIG" value="XLXI_47/count&lt;1&gt;"/><specSig signal="XLXI_47count0_SPECSIG" value="XLXI_47/count&lt;0&gt;"/><specSig signal="XLXI_48XLXN_16_SPECSIG" value="XLXI_48/XLXN_16"/><specSig signal="IO_SPECSIG" value="I/O"/><specSig signal="XLXI_47count9_SPECSIG" value="XLXI_47/count&lt;9&gt;"/><specSig signal="XLXI_47count8_SPECSIG" value="XLXI_47/count&lt;8&gt;"/><specSig signal="XLXI_47count7_SPECSIG" value="XLXI_47/count&lt;7&gt;"/><specSig signal="XLXI_47count6_SPECSIG" value="XLXI_47/count&lt;6&gt;"/><specSig signal="XLXI_47count15_SPECSIG" value="XLXI_47/count&lt;15&gt;"/><specSig signal="XLXI_47count14_SPECSIG" value="XLXI_47/count&lt;14&gt;"/><specSig signal="XLXI_47count13_SPECSIG" value="XLXI_47/count&lt;13&gt;"/><specSig signal="XLXI_47count12_SPECSIG" value="XLXI_47/count&lt;12&gt;"/><specSig signal="XLXI_47count10_SPECSIG" value="XLXI_47/count&lt;10&gt;"/><specSig signal="XLXI_47count10LFBK_SPECSIG" value="XLXI_47/count&lt;10&gt;.LFBK"/><specSig signal="XLXI_47count11LFBK_SPECSIG" value="XLXI_47/count&lt;11&gt;.LFBK"/><specSig signal="XLXI_47count12LFBK_SPECSIG" value="XLXI_47/count&lt;12&gt;.LFBK"/><specSig signal="XLXI_47count13LFBK_SPECSIG" value="XLXI_47/count&lt;13&gt;.LFBK"/><specSig signal="XLXI_47count14LFBK_SPECSIG" value="XLXI_47/count&lt;14&gt;.LFBK"/><specSig signal="XLXI_47count15LFBK_SPECSIG" value="XLXI_47/count&lt;15&gt;.LFBK"/><specSig signal="XLXI_47count3_SPECSIG" value="XLXI_47/count&lt;3&gt;"/><specSig signal="XLXI_47count6LFBK_SPECSIG" value="XLXI_47/count&lt;6&gt;.LFBK"/><specSig signal="XLXI_47count7LFBK_SPECSIG" value="XLXI_47/count&lt;7&gt;.LFBK"/><specSig signal="XLXI_47count8LFBK_SPECSIG" value="XLXI_47/count&lt;8&gt;.LFBK"/><specSig signal="XLXI_47count9LFBK_SPECSIG" value="XLXI_47/count&lt;9&gt;.LFBK"/><specSig signal="XLXI_68Q1_SPECSIG" value="XLXI_68/Q1"/><specSig signal="XLXI_68Q0LFBK_SPECSIG" value="XLXI_68/Q0.LFBK"/><specSig signal="XLXI_68Q1LFBK_SPECSIG" value="XLXI_68/Q1.LFBK"/><specSig signal="XLXI_68Q2LFBK_SPECSIG" value="XLXI_68/Q2.LFBK"/><specSig signal="XLXI_68Q3LFBK_SPECSIG" value="XLXI_68/Q3.LFBK"/><specSig signal="XLXI_48XLXN_4_SPECSIG" value="XLXI_48/XLXN_4"/><specSig signal="XLXI_48XLXN_14_SPECSIG" value="XLXI_48/XLXN_14"/><specSig signal="RST_OBUFLFBK_SPECSIG" value="RST_OBUF.LFBK"/><specSig signal="VHI_OBUFLFBK_SPECSIG" value="VHI_OBUF.LFBK"/><specSig signal="XLXI_47count0LFBK_SPECSIG" value="XLXI_47/count&lt;0&gt;.LFBK"/><specSig signal="XLXI_47count1LFBK_SPECSIG" value="XLXI_47/count&lt;1&gt;.LFBK"/><specSig signal="XLXI_47count2LFBK_SPECSIG" value="XLXI_47/count&lt;2&gt;.LFBK"/><specSig signal="XLXI_47count3LFBK_SPECSIG" value="XLXI_47/count&lt;3&gt;.LFBK"/><specSig signal="XLXI_47count4LFBK_SPECSIG" value="XLXI_47/count&lt;4&gt;.LFBK"/><specSig signal="XLXI_47count5LFBK_SPECSIG" value="XLXI_47/count&lt;5&gt;.LFBK"/><specSig signal="XLXI_48XLXN_14LFBK_SPECSIG" value="XLXI_48/XLXN_14.LFBK"/><specSig signal="XLXI_48XLXN_4LFBK_SPECSIG" value="XLXI_48/XLXN_4.LFBK"/><specSig signal="MFPCLK_OBUFLFBK_SPECSIG" value="MFPCLK_OBUF.LFBK"/></document>
